1,1044,4954845,0.00014450502487968846
1,1035,4954845,0.00000726561577607372
1,1002,4954845,0.00809329050656478616
1,896,4954845,0.00104483591313149059
1,184,4954845,0.00000222004926491141
0,1389,4954845,0.00004541009860046076
0,1260,4954845,0.00001876950742152378
0,1259,4954845,0.00015277975395799464
0,1150,4954845,0.00486957715125296581
0,822,4954845,0.00041817655244513199
0,159,4954845,0.00000464192119026932
0,38,4954845,0.00000383463054848335
0,37,4954845,0.00000645832513428775
0,18,4954845,0.00003249344833188526
0,6,4954845,0.00143253724384920212
0,4,4954845,0.00000282551724625089
0,3,4954845,0.00000282551724625089
6,1369,4954845,0.00227030310736259146
6,1354,4954845,0.00270745098988969379
6,156,4954845,0.00003350256163411772
6,20,4954845,0.00008537098536886623
5,1294,4954845,0.00552287710311826115
5,1293,4954845,0.00335711813386695233
5,1288,4954845,0.01313804972708530749
5,235,4954845,0.00002785152714161593
4,1221,4954845,0.00030031211874438049
4,1194,4954845,0.00000625650247384126
4,1118,4954845,0.00051908788266837817
4,1086,4954845,0.00013945945836852617
4,942,4954845,0.00424977976102178766
4,937,4954845,0.00002341142861179310
4,894,4954845,0.00009687487701431629
4,148,4954845,0.00021312472943149584
4,148,4954845,0.00013582665048048929
4,11,4954845,0.00001695310347750535
3,1410,4954845,0.00001836586210063080
3,1279,4954845,0.00021332655209194232
3,973,4954845,0.00003996088676840547
3,966,4954845,0.01572783810593469597
3,955,4954845,0.00012613916277905767
3,942,4954845,0.00000746743843652021
3,942,4954845,0.00000746743843652021
3,938,4954845,0.00004359369465644233
3,935,4954845,0.00004460280795867480
3,914,4954845,0.00000464192119026932
3,908,4954845,0.00006155591143618014
3,901,4954845,0.00296517852727986447
3,900,4954845,0.00198896231870018120
3,898,4954845,0.00330000232096059514
3,771,4954845,0.00895164228144371826
2,1376,4954845,0.00027952438471839182
2,1327,4954845,0.00530611956579872795
2,942,4954845,0.00010212226618592509
2,894,4954845,0.00167149527381784909
2,890,4954845,0.00168461374674687089
2,845,4954845,0.00760709971754918671
2,780,4954845,0.00000645832513428775
2,773,4954845,0.00000908201972009215
2,771,4954845,0.00000524738917160880
2,22,4954845,0.00010373684746949703
1,1431,4954845,0.00000484374385071581
1,1410,4954845,0.00192781005258489419
1,1400,4954845,0.00547383419662976316
1,925,4954845,0.00003572261089902913
1,839,4954845,0.04137647090877716316
0,1389,4954845,0.00040162709428851964
0,1359,4954845,0.00017195290670041140
0,1098,4954845,0.01001222036209003553
0,853,4954845,0.00129227049483889001
0,851,4954845,0.00759236666333659282
0,835,4954845,0.00098671098692290063
0,832,4954845,0.00073988187319684064
0,831,4954845,0.00008920561591734959
0,220,4954845,0.00013239566525289893
6,1275,4954845,0.00000726561577607372
6,1007,4954845,0.00001574216751482640
6,834,4954845,0.00748883163852754209
6,830,4954845,0.00000464192119026932
5,1340,4954845,0.00001816403944018430
5,1076,4954845,0.00252823246741320888
5,818,4954845,0.00001150389164545006
5,816,4954845,0.00001533852219393341
4,869,4954845,0.00073867093723416167
4,865,4954845,0.00014470684754013495
4,859,4954845,0.00579856685728816906
4,211,4954845,0.00128783039630906717
3,1065,4954845,0.00010070950756279964
3,1045,4954845,0.00005348300501832045
3,808,4954845,0.00023249970483435909
2,1243,4954845,0.02408349807107992152
2,1237,4954845,0.04916016545421703077
2,1126,4954845,0.00001291665026857551
1,1405,4954845,0.02163680195848709589
1,1209,4954845,0.00002341142861179310
1,1208,4954845,0.00012977197066709454
1,914,4954845,0.00002442054191402557
0,1034,4954845,0.00804888952126655774
0,900,4954845,0.00004319004933554934
0,71,4954845,0.00036428990210591857
6,1284,4954845,0.00096350138097155407
0,539,42625174,0.00006754224627915889
0,536,42625174,0.00021768826093237765
0,397,42625174,0.00014840995135879094
0,394,42625174,0.00019169423214553916
0,373,42625174,0.00012030449424089155
0,352,42625174,0.00325488407390430844
0,241,42625174,0.00014756538002636658
0,105,42625174,0.00008938379934824430
0,87,42625174,0.00019324261292165049
0,83,42625174,0.00009731338574711742
6,1282,42625174,0.00033921269154232658
5,1375,42625174,0.00298602886641588820
5,91,42625174,0.00017799340830843295
5,89,42625174,0.00081860076395230664
5,88,42625174,0.00005703202525343357
5,80,42625174,0.00019087312112790438
4,1327,42625174,0.00106882848149781164
4,1321,42625174,0.00076168604027282091
4,564,42625174,0.00051059029108010208
4,503,42625174,0.00018484382022698604
4,498,42625174,0.00005869770760349272
4,432,42625174,0.00041344112753651164
4,404,42625174,0.00247898108286901059
4,366,42625174,0.00004112593182610821
4,353,42625174,0.00006826951603763541
4,347,42625174,0.00022498441883193250
4,341,42625174,0.00009602306843369132
4,321,42625174,0.00009287938625188955
4,317,42625174,0.00006512583385583365
3,1240,42625174,0.00015502576012944839
3,303,42625174,0.00122896859025138530
3,231,42625174,0.00007870935611899202
2,1327,42625174,0.00030998113931452809
2,1307,42625174,0.00153918433271380906
2,1303,42625174,0.00007885011800772942
2,1285,42625174,0.00108593105097940477
2,1280,42625174,0.00959372036815615142
2,1253,42625174,0.00010120779800218528
2,1247,42625174,0.00011978836731552111
2,1146,42625174,0.00407881032931384658
2,888,42625174,0.00036945303730607647
2,565,42625174,0.02315772364940961794
2,484,42625174,0.00089972653249462391
2,172,42625174,0.00017203448835188332
2,90,42625174,0.00095650049428537228
2,85,42625174,0.00008281491120716598
2,26,42625174,0.00013965925394228304
2,23,42625174,0.00043216245873858487
1,1382,42625174,0.01603648585692576956
1,1266,42625174,0.00005639859675411530
1,1219,42625174,0.00095251224077114616
1,1210,42625174,0.00024316616279384571
1,715,42625174,0.00478557577266429477
1,690,42625174,0.00011183532060185842
1,684,42625174,0.01289245177040215795
1,659,42625174,0.00051943482975576826
1,166,42625174,0.00024469108325516747
0,1369,42625174,0.00033698396163731791
0,1355,42625174,0.00005388834307163180
0,1191,42625174,0.00137287416117057954
0,1181,42625174,0.00016562982241433196
0,1074,42625174,0.00016537175895164674
0,1073,42625174,0.00324697794782022493
0,1070,42625174,0.00279893285596910426
0,346,42625174,0.00017189372646314593
6,281,42625174,0.00041269039746324554
6,265,42625174,0.00004408193148959345
5,1387,42625174,0.00013135430250677687
5,1385,42625174,0.00016243921960295107
5,1281,42625174,0.00021956508611554291
5,1244,42625174,0.00093784954402766779
5,1140,42625174,0.00018080864608318079
5,1139,42625174,0.00005940151704717968
5,1136,42625174,0.00002113774362539846
5,1127,42625174,0.02360391537639236481
5,1124,42625174,0.00023448584632170650
5,1123,42625174,0.00023249171956459344
5,1119,42625174,0.00003476818651813597
5,1117,42625174,0.00047617400928380961
5,1115,42625174,0.00046594531203555907
5,1106,42625174,0.00005836926319643880
5,1048,42625174,0.00139044593694796423
5,1030,42625174,0.00006702611935378844
5,739,42625174,0.00010263887720434877
5,650,42625174,0.00006707303998336757
5,385,42625174,0.00052715327332153526
4,1417,42625174,0.00163487895674044640
4,936,42625174,0.00022890229140178994
4,135,42625174,0.00230133957928242141
4,95,42625174,0.00610320089250544762
3,1353,42625174,0.00006106719939723882
3,1350,42625174,0.00031748844004718900
3,1347,42625174,0.00027441530209354687
3,1227,42625174,0.00015662106153513885
3,1225,42625174,0.00194617387368319007
3,1170,42625174,0.00013438068311463080
3,1167,42625174,0.00016448026698964325
3,1156,42625174,0.00014812842758131614
3,1129,42625174,0.00812916329678795013
3,933,42625174,0.00337073110833518248
1,1329,14864607,0.00087072601381254144
1,1291,14864607,0.00790744080889592242
1,1219,14864607,0.01136599171441263212
1,1121,14864607,0.00046533352681305332
1,1112,14864607,0.00080533578856137940
1,1087,14864607,0.00155194146740643738
1,1042,14864607,0.00042705468096129284
1,895,14864607,0.00384268484192013936
1,156,14864607,0.00448871604879967547
1,59,14864607,0.00102740691361702320
0,1427,14864607,0.00138745679586416235
0,1312,14864607,0.00421928410216294326
0,1247,14864607,0.00195430662916281587
0,1080,14864607,0.00623070626757908901
0,921,14864607,0.00246417547399672239
6,1401,14864607,0.00926381706559749676
6,1262,14864607,0.00351593553734720317
6,1191,14864607,0.00068188819253680905
6,1133,14864607,0.00452968585042308903
6,1003,14864607,0.01899014215444781023
6,819,14864607,0.00484970776556689284
6,146,14864607,0.00491018699653478913
6,0,14864607,0.00139768242779644294
5,1422,14864607,0.00274147846626553952
5,1292,14864607,0.01330105800980812929
5,1127,14864607,0.00150384063298814432
5,882,14864607,0.00516784601167054065
5,79,14864607,0.00179506932137526412
4,1381,14864607,0.00122357758937050943
4,1211,14864607,0.00449524161654593375
4,1143,14864607,0.00105229825450481123
4,1080,14864607,0.00231496197645857712
4,873,14864607,0.00031093993941447626
4,145,14864607,0.00304131821312194793
4,123,14864607,0.01138489567870849123
4,16,14864607,0.00137097469176278926
3,1319,14864607,0.00960469388797160865
3,1109,14864607,0.01541668743748152853
3,930,14864607,0.00255936803441893885
3,282,14864607,0.00058360103297719205
2,1046,14864607,0.04229785557061817997
2,925,14864607,0.00107557502192960771
2,132,14864607,0.00541238661741948526
1,1425,14864607,0.00132886123393642359
1,1257,14864607,0.00005058996850707186
1,1157,14864607,0.01708958736682375870
1,1022,14864607,0.00020034165719954789
1,895,14864607,0.00459998706995751704
1,846,14864607,0.00280276498396493092
1,135,14864607,0.01211259739325768955
1,28,14864607,0.00398039450353446927
0,1394,14864607,0.00727849717116638237
0,1231,14864607,0.00390336589457090932
0,1020,14864607,0.00198827994577993215
0,924,14864607,0.00116134923715103936
0,132,14864607,0.00699641773240288183
0,103,14864607,0.00793946318257859017
6,1364,14864607,0.00132966852066791937
6,1225,14864607,0.00195645939378013807
6,998,14864607,0.00499723941574775534
6,83,14864607,0.00271463618244330296
5,1332,14864607,0.00495102225036961937
5,1288,14864607,0.00615488858871277283
5,1074,14864607,0.02467054796672391026
5,918,14864607,0.01053865736241799134
5,183,14864607,0.00221055289251844995
5,59,14864607,0.00210035825366926970
4,1351,14864607,0.00035204428882647216
4,1333,14864607,0.00466827007266320572
4,1270,14864607,0.00399902937225316522
4,1137,14864607,0.00112071580499908279
4,918,14864607,0.00173210095631858951
4,206,14864607,0.00414151548036217811
4,114,14864607,0.00086298951596903972
4,59,14864607,0.00012351486991886163
3,1369,14864607,0.00349972252882299563
3,1272,14864607,0.00524191456928528240
3,1232,14864607,0.02750398984648568315
3,1126,14864607,0.00182325708308332668
3,949,14864607,0.00178154726862270901
3,899,14864607,0.00022879851448477583
3,39,14864607,0.00530017376174156483
2,1414,14864607,0.00722467805573332681
2,1331,14864607,0.02275990209495615951
2,1276,14864607,0.00681585460012498149
2,1266,14864607,0.00178544915449160542
2,1155,14864607,0.01043828471213534281
2,1128,14864607,0.00122115572917602189
1,1420,14864607,0.00511099957099437653
1,1332,14864607,0.00356370000229403990
1,1127,14864607,0.00606649069161397953
1,956,14864607,0.00477449555174919854
1,956,14864607,0.00110477189205204014
1,855,14864607,0.00236454283655127906
1,80,14864607,0.00183610639689296869
0,1406,14864607,0.00129347516553918987
0,1258,14864607,0.00170532594639064461
0,1141,14864607,0.00092878338458594965
0,1089,14864607,0.00015721909095881242
0,1088,14864607,0.00030306889378239193
1,1329,24471671,0.00123203683148567994
1,1239,24471671,0.01284754931528786850
1,1117,24471671,0.00315058174817731086
1,1092,24471671,0.00048917787428574041
1,194,24471671,0.00227597862034022939
1,59,24471671,0.00136280027628681347
0,1230,24471671,0.01162188720173624491
0,1082,24471671,0.00762673705444961211
0,101,24471671,0.00109759566479951452
6,1321,24471671,0.00251458104352579766
6,1130,24471671,0.02860364541514144945
6,891,24471671,0.00249083930557909188
6,162,24471671,0.00226494545468513371
6,0,24471671,0.00162465407450108337
5,1315,24471671,0.00233224776518121697
5,1127,24471671,0.00341852421929013340
5,990,24471671,0.00281999541428944525
5,100,24471671,0.00716657231947912324
4,1356,24471671,0.00306448219249106464
4,1323,24471671,0.00063918806361854083
4,1142,24471671,0.00903816498677184783
4,830,24471671,0.00179791563886258520
4,102,24471671,0.01844144602957436055
4,16,24471671,0.00294156455437799905
3,1364,24471671,0.00179276682822354064
3,228,24471671,0.00357535862589849303
3,199,24471671,0.01235293658532758167
2,920,24471671,0.00176285469022528134
2,881,24471671,0.00014224610979773306
1,1227,24471671,0.00427531082777306021
1,1140,24471671,0.01426330878671914180
1,845,24471671,0.01964827003435931987
1,75,24471671,0.00814308920710808855
0,1365,24471671,0.00827119651943669827
0,1245,24471671,0.01362040213763906875
0,861,24471671,0.00220483513365311249
0,178,24471671,0.01399728690370183500
0,45,24471671,0.04712636909837501775
6,1170,24471671,0.00492132310866716036
6,965,24471671,0.04674118902628267291
6,30,24471671,0.00311188394123147532
5,1230,24471671,0.04118129080764448141
5,1005,24471671,0.00373803652394640333
5,40,24471671,0.00311474439158650022
4,1326,24471671,0.00229485759268339279
4,1262,24471671,0.00619128133914516928
4,1137,24471671,0.00212723520187894010
4,951,24471671,0.00549635535718014535
4,180,24471671,0.00306223469578354498
4,135,24471671,0.00369754071963455206
4,80,24471671,0.00138441710825550090
4,65,24471671,0.00007502552645465036
3,1305,24471671,0.02649091678292013821
3,1263,24471671,0.02693257031773596544
3,1220,24471671,0.01487949065676798244
3,1126,24471671,0.00289649202949810803
3,915,24471671,0.00426538097868347458
3,896,24471671,0.00013897702367770472
3,63,24471671,0.03008302947518377499
2,1416,24471671,0.00594499656357753460
2,1315,24471671,0.01636676138707487613
2,1290,24471671,0.05164126307516965497
2,1280,24471671,0.04810652284431251452
2,1275,24471671,0.03736038295055536113
2,1266,24471671,0.00108451932031940115
2,1127,24471671,0.01108420426214458410
2,145,24471671,0.00009214736500829878
1,1425,24471671,0.01311087420225615086
1,1413,24471671,0.00296845278771523191
1,1275,24471671,0.00164655695150527320
1,1155,24471671,0.00692600844462153836
1,1050,24471671,0.00181356638866222086
1,917,24471671,0.00675000902063451272
1,165,24471671,0.00195372845605843587
1,105,24471671,0.01088781391348388021
1,52,24471671,0.00172791633231747835
0,1258,24471671,0.00137093212801038403
0,1215,24471671,0.00874729804924232607
0,1063,24471671,0.00273806394340623486
0,214,24471671,0.00010342571212239654
0,55,24471671,0.00572318907033361138
6,1293,24471671,0.00157823305159668099
6,1081,24471671,0.01878727447749685767
6,90,24471671,0.00278084810800210578
5,1320,24471671,0.03853378054976303035
5,1158,24471671,0.00145196460021058634
4,1065,24471671,0.00327795351612891490
4,268,24471671,0.02603704503873070092
4,219,24471671,0.00014061156673771889
4,165,24471671,0.00351467621479546700
3,1362,24471671,0.00515804580733371289
3,1312,24471671,0.00119481011329385729
3,1142,24471671,0.00262152102322722475
3,100,24471671,0.00568833243957880905
2,1405,24471671,0.00076320901829711593
2,1175,24471671,0.00449797645612349042
2,1038,24471671,0.00014473878796425466
2,1002,24471671,0.00184086325776445744
2,957,24471671,0.00007992915563469286
2,90,24471671,0.00652877361746159474
0,917,7062856,0.00470319655391529968
6,1268,7062856,0.00555186173978345320
3,1292,7062856,0.00227854001270873978
3,263,7062856,0.00813325374324494303
2,1437,7062856,0.00664462081628168586
5,994,7062856,0.00008396036957287533
4,1356,7062856,0.00352109684807392362
4,1355,7062856,0.00167764994783979734
5,872,7062856,0.01003574191516859448
2,1166,7062856,0.00162738699472281473
6,1058,7062856,0.01045030508904613159
4,1431,7062856,0.00392787280386291352
2,245,7062856,0.00687257392760095946
2,240,7062856,0.00301365340026754028
1,1266,7062856,0.00209136360701676471
3,958,7062856,0.00114797753203519943
1,1334,7062856,0.00270627066444509116
4,985,7062856,0.00002916667138619278
4,1220,7062856,0.00322801427637771452
3,58,7062856,0.00829494470791985496
5,224,7062856,0.00200018236248905535
2,1317,7062856,0.00477667957551449439
3,1110,7062856,0.00258110883189463297
5,1244,7062856,0.00332075296452313340
1,120,7062856,0.00243131107302768179
6,142,7062856,0.00668228263467356576
3,41,7062856,0.00518472980335433695
6,1398,7062856,0.00674189024949680381
6,1230,7062856,0.00022851945445298615
0,1060,7062856,0.00635946704845745132
6,171,7062856,0.00306561538278566064
1,909,7062856,0.00123307058787549976
3,1224,7062856,0.00744514683578427743
2,1140,7062856,0.00277239122530602332
6,83,7062856,0.00467487939722967608
6,1326,7062856,0.00595722183773816135
0,1229,7062856,0.00260489524351055707
1,606,7062856,0.00305216473335998906
0,210,7062856,0.00252773099154223174
1,1072,7062856,0.00345511787299641968
5,219,7062856,0.00134294115581572106
4,11,7062856,0.00158703504644580043
4,1362,7062856,0.00260362097145970398
2,1052,7062856,0.00365263004087864728
5,1253,7062856,0.00864975868119072580
4,1199,7062856,0.00042036819099808915
4,1137,7062856,0.00428254519135035441
4,126,7062856,0.00402924822479744718
3,1226,7062856,0.00804915178788863893
2,1388,7062856,0.00016678805287832570
2,1207,7062856,0.00382862116967980096
4,1413,7062856,0.00190999221844534287
4,1111,7062856,0.00130754470995869091
4,990,7062856,0.00049470072729785230
3,1098,7062856,0.00060499605258835804
2,1212,7062856,0.00003001618608676150
2,879,7062856,0.00086678816614695249
2,853,7062856,0.00004587379383071098
1,1232,7062856,0.00007886328136946300
1,1220,7062856,0.00160685705612573725
0,982,7062856,0.00032663840236867351
2,1031,7062856,0.00001486650725995263
2,1021,7062856,0.00019397252329652481
2,1021,7062856,0.00024281961857922630
2,1020,7062856,0.00324896897232507644
4,1044,7062856,0.00006498787459350721
4,900,7062856,0.00003652913212445504
4,888,7062856,0.00008636732789115338
4,866,7062856,0.00097071213118319277
4,866,7062856,0.00104447832434924337
3,981,7062856,0.00079387148768147054
3,978,7062856,0.00157231012496927597
3,978,7062856,0.00296409837606769833
3,975,7062856,0.01001761893488979475
2,928,7062856,0.00381148928988499832
4,1213,7062856,0.00003780340417530812
4,1118,7062856,0.00061065948392548285
4,1116,7062856,0.00119838207093561026
3,1165,7062856,0.00047487871761791548
3,1165,7062856,0.00036444180654398163
3,1164,7062856,0.00036033581882456613
3,1162,7062856,0.00039120151961189635
3,1162,7062856,0.00124071622018061809
3,1160,7062856,0.00053250413147316043
3,1160,7062856,0.00082176388701681025
3,1158,7062856,0.00046751625687965320
3,1156,7062856,0.00313867364703457070
2,1194,7062856,0.00001260113472510271
2,992,7062856,0.00505942638502045097
1,1209,7062856,0.00196492750241545342
1,1102,7062856,0.00015815132008921038
1,1014,7062856,0.00856990429933726476
0,1211,7062856,0.00001373382099252767
0,909,7062856,0.00005805017120552932
0,906,7062856,0.00006074030109066361
0,905,7062856,0.00096165064104379301
0,905,7062856,0.00356852808552234405
6,957,7062856,0.00559391271746160438
5,941,7062856,0.00274648102693867769
4,924,7062856,0.00126761751903196104
0,873,128219081,0.00028365512930169886
0,873,128219081,0.00344238155941860172
6,840,128219081,0.01535713705513144268
4,1097,128219081,0.00070153365083001960
4,1097,128219081,0.00062293380499272178
4,1097,128219081,0.00154569817888493516
3,1259,128219081,0.00037079504570774455
3,56,128219081,0.00861069968205434300
2,1096,128219081,0.00178576385210560038
1,1355,128219081,0.00284238505811783195
1,1336,128219081,0.00067532850278345072
1,1322,128219081,0.00029437116305645650
1,905,128219081,0.00008646139025126845
1,905,128219081,0.00063467152755524738
0,1303,128219081,0.00002425536024548483
0,1303,128219081,0.00002941059919155090
0,1052,128219081,0.00015677853750956146
0,1052,128219081,0.00025028256129834531
0,1052,128219081,0.00234071245605012562
5,1082,128219081,0.00079094312023652701
4,1105,128219081,0.00021828264390695484
4,1105,128219081,0.00281678044471399703
1,1151,128219081,0.00041269208597743734
1,1030,128219081,0.00011329047039418416
4,1,128219081,0.00143647886541941445
1,1112,128219081,0.00027832050987793309
0,1350,128219081,0.00198722372686480249
5,1201,128219081,0.00249799013923676476
4,841,128219081,0.00108315391840938251
3,1381,128219081,0.00015353409060855770
3,1080,128219081,0.00085798462398899893
2,1066,128219081,0.00023755434653286901
0,1351,128219081,0.00026482797829443188
0,1271,128219081,0.00022639376115946423
6,1207,128219081,0.00029712426343158705
4,1290,128219081,0.00016517042420542696
3,1261,128219081,0.00116487342472841463
2,870,128219081,0.00025181899408559949
1,1080,128219081,0.00022065358587307297
0,870,128219081,0.00031805718526402478
4,1140,128219081,0.00014723237643545425
4,1112,128219081,0.00025429132501737398
3,1306,128219081,0.00011981835995221335
3,1306,128219081,0.00030732555320685853
1,1080,128219081,0.00021342377270665354
2,1171,128219081,0.00239724850313035708
0,1156,128219081,0.00062809684308999221
4,1020,128219081,0.00067927487329284472
4,183,128219081,0.00000701143693269803
3,932,128219081,0.00050360679156638164
1,780,128219081,0.00183223119498103406
0,1322,128219081,0.00287824555535536866
3,1260,128219081,0.00135775423316284718
2,961,128219081,0.00310904583694528256
5,1083,128219081,0.01325921217607229675
2,17,128219081,0.00067090638405059230
2,0,128219081,0.00124981398049483767
1,1413,128219081,0.00064341437605530802
1,1413,128219081,0.00078836940033909621
1,1238,128219081,0.00183687168994761392
1,1203,128219081,0.00006446778385504105
1,1146,128219081,0.00230724629823232013
1,1084,128219081,0.00226793857616246685
1,842,128219081,0.00089878978309008474
1,162,128219081,0.00184852362184689182
0,1360,128219081,0.00064359375653300771
0,1320,128219081,0.00046004073293896093
0,1275,128219081,0.00113705385238254829
0,1148,128219081,0.00034369299527267709
0,1082,128219081,0.00045405878396523525
0,1021,128219081,0.00043917800346736222
0,1020,128219081,0.00021058488166827524
6,1158,128219081,0.00092628179108536891
6,1111,128219081,0.00003505718466349014
5,1397,128219081,0.00928012422737611170
5,1269,128219081,0.00034919919602293829
5,1170,128219081,0.00179814110506688169
5,1076,128219081,0.00043335203751772327
5,931,128219081,0.00109615510346701048
5,61,128219081,0.00041549978041099825
4,1263,128219081,0.00010403287791463737
4,1263,128219081,0.00019051766561951883
4,1202,128219081,0.00199374381727162762
4,1024,128219081,0.00085938847120577947
3,1230,128219081,0.00109388555046654882
3,960,128219081,0.00025291867440541084
2,1081,128219081,0.00022647955182271195
2,1050,128219081,0.00097738182977617815
2,1022,128219081,0.00044124477853651128
1,1067,128219081,0.00002658730645558129
1,961,128219081,0.00067166290171741282
1,912,128219081,0.00066116524419637668
0,1295,128219081,0.00102035515291206921
0,727,128219081,0.00106626095690079067
6,1290,128219081,0.00101141732563190027
6,1275,128219081,0.00055255426452479413
6,1261,128219081,0.00160168828538086302
6,1142,128219081,0.00163425754081017015
6,841,128219081,0.00077345742323640585
5,1163,128219081,0.00068611472889904739
1,1153,113753018,0.00012423406647549343
1,1152,113753018,0.00000804374262843734
2,1057,113753018,0.00001678197232534086
2,1212,113753018,0.00001959508450140637
2,1209,113753018,0.00070600324643694287
2,1143,113753018,0.00036900998969539427
2,1048,113753018,0.00002035110839872398
2,46,113753018,0.00001827643816887566
1,1306,113753018,0.00002056209181192889
0,1275,113753018,0.00001861928621533365
0,1119,113753018,0.00001828522914442586
0,1037,113753018,0.00029411087800764986
6,1087,113753018,0.00046681838366697224
6,1086,113753018,0.00020691319152516902
6,1071,113753018,0.00001508531404415134
5,1122,113753018,0.00086272875854599305
5,934,113753018,0.00001966541230580801
4,1202,113753018,0.00003140136466533134
4,1192,113753018,0.00001954233864810514
4,963,113753018,0.00002373563398555281
4,962,113753018,0.00003431996854799932
4,962,113753018,0.00078011117032516890
4,445,113753018,0.00002116866912489302
4,377,113753018,0.00063067337694723839
4,282,113753018,0.00077190039916127766
4,239,113753018,0.00057875387534772919
4,134,113753018,0.00024694729418080143
4,120,113753018,0.00041471427158090875
3,1200,113753018,0.00039782680754896541
3,1080,113753018,0.00027740802446226087
3,1020,113753018,0.00044647606624379849
2,1015,113753018,0.00062936352159025793
2,1015,113753018,0.00001747645939380703
0,234,113753018,0.00070500986619976972
5,1207,113753018,0.00081517837179493561
4,1063,113753018,0.00264623308719598091
3,1214,113753018,0.00034167884670980773
0,1248,113753018,0.00024844176002433623
0,1026,113753018,0.00001369633990721899
6,382,113753018,0.00052412675327875695
5,96,113753018,0.00022925985137378950
4,1164,113753018,0.00002114229619824240
4,35,113753018,0.00030146892454317124
2,1148,113753018,0.00002307631081928745
1,1295,113753018,0.00053082547664801301
0,967,113753018,0.00001970936718355903
1,1070,113753018,0.00002010496108331825
1,930,113753018,0.00028088045980459171
0,1020,113753018,0.00035693998026496319
4,1016,113753018,0.00077589150206107058
2,1282,113753018,0.00129010203491919666
1,257,113753018,0.00004340104629136081
0,1209,113753018,0.00002158184497575264
5,114,113753018,0.00002099284961388892
3,984,113753018,0.00189426182960701758
2,1434,113753018,0.00006208186933554590
2,1156,113753018,0.00002893110053572381
1,1346,113753018,0.00064946848267357618
0,1275,113753018,0.00002299719203933561
0,1247,113753018,0.00046439207441511572
0,263,113753018,0.00061959674775398051
0,262,113753018,0.00003834623534999309
0,110,113753018,0.00003090907003451988
6,1250,113753018,0.00011725403188863085
6,1206,113753018,0.00030596111304932586
6,1205,113753018,0.00072152810925860448
6,1057,113753018,0.00001636000549893103
6,1057,113753018,0.00001477762989989417
5,1093,113753018,0.00049283088032002812
5,1073,113753018,0.00001910278987059491
5,1072,113753018,0.00003539246756512430
4,1267,113753018,0.00023285536037382322
4,1152,113753018,0.00028507375514203939
4,938,113753018,0.00002139723448919834
4,937,113753018,0.00024712311369180551
4,924,113753018,0.00003947148022041929
4,924,113753018,0.00006126430860937685
4,313,113753018,0.00016304622352964737
4,313,113753018,0.00064897618804276474
4,305,113753018,0.00068334011146851503
4,298,113753018,0.00026724565672622418
4,289,113753018,0.00027240595937419438
4,271,113753018,0.00009327225058767231
4,241,113753018,0.00007254313024028954
4,240,113753018,0.00088450400498385018
4,60,113753018,0.00058416911628665538
3,1367,113753018,0.00010506973977604708
3,1203,113753018,0.00029997445869963643
2,1205,113753018,0.00032642650413020253
2,1083,113753018,0.00015225090555399593
2,1080,113753018,0.00078421655590711452
1,1174,113753018,0.00002908933809562749
1,1142,113753018,0.00041119788136082685
1,1102,113753018,0.00139477618079548440
1,1080,113753018,0.00176930690313640724
0,1186,113753018,0.00114773218588363080
0,1184,113753018,0.00020684286372076740
6,1185,113753018,0.00048402232281872295
5,929,113753018,0.00096112614787943469
4,1283,113753018,0.00233624570734466139
1,1272,109200245,0.00004062261948221819
0,1396,109200245,0.00007302181419098464
0,391,109200245,0.00026981624445989111
5,1351,109200245,0.00043027375991693060
4,1295,109200245,0.00027527410767256064
4,901,109200245,0.00013528357926303187
2,1098,109200245,0.00004315008633909200
2,851,109200245,0.00034509080084939368
2,431,109200245,0.00009843384508890067
1,1336,109200245,0.00010073237473047794
0,1324,109200245,0.00029371728973684994
6,1046,109200245,0.00055794746614350546
5,1019,109200245,0.00007914817407232007
5,1014,109200245,0.00020836949587429955
5,988,109200245,0.00008277453956261729
1,1157,109200245,0.00009419392786160874
6,222,109200245,0.00061259935817909567
4,361,109200245,0.00103049219349278932
4,191,109200245,0.00012220668552529346
1,1218,109200245,0.00007007310285796521
6,445,109200245,0.00026053055100746343
6,335,109200245,0.00028841510383058208
4,1211,109200245,0.00050991643837429120
3,1212,109200245,0.00023952327213185281
3,967,109200245,0.00011143747891774419
2,1281,109200245,0.00083850544474511023
2,967,109200245,0.00008619028281484167
2,1,109200245,0.00013157479637522791
1,1382,109200245,0.00006153832347171016
0,970,109200245,0.00013414805067516104
0,841,109200245,0.00067237028634871648
6,1321,109200245,0.00035723363074872223
4,302,109200245,0.00016664797775865797
4,217,109200245,0.00032285641849979368
3,328,109200245,0.00018586954635495552
1,1343,109200245,0.00008484413198889800
0,359,109200245,0.00014819563820575677
3,1361,109200245,0.00037303029860418353
2,112,109200245,0.00009908402678034285
1,1290,109200245,0.00006406579032858397
1,464,109200245,0.00005994492045324624
0,219,109200245,0.00000543954823544581
0,217,109200245,0.00040044781950809724
6,1355,109200245,0.00041121702611564655
5,437,109200245,0.00009505473179112373
3,1212,109200245,0.00038379950521173279
2,1416,109200245,0.00006385516809051115
2,964,109200245,0.00007796685804138993
2,63,109200245,0.00007610788785318201
1,292,109200245,0.00037485263883794398
0,1232,109200245,0.00014909307208971922
0,166,109200245,0.00038015482474421190
5,1243,109200245,0.00011822317797913365
4,1269,109200245,0.00009356206114739029
3,961,109200245,0.00014604362838196929
6,1420,109200245,0.00016205091847550343
6,1221,109200245,0.00013272863994032247
6,965,109200245,0.00026740782495497146
4,1204,109200245,0.00020633653340246626
4,75,109200245,0.00029438578640551583
2,1108,109200245,0.00006158411091476947
2,989,109200245,0.00013574145369362495
1,430,109200245,0.00020870832295293842
4,13,109200245,0.00028297555559513623
2,1392,109200245,0.00015938608928945170
1,1424,109200245,0.00042037451472750817
0,1261,109200245,0.00035954131787891135
6,1222,109200245,0.00053299330967618254
6,1216,109200245,0.00016142820924989684
5,1371,109200245,0.00087825810280920162
5,288,109200245,0.00008513717162447758
5,283,109200245,0.00081763552819867755
5,3,109200245,0.00027723381023549902
4,1185,109200245,0.00016631830816863093
4,95,109200245,0.00019675780031445900
3,1101,109200245,0.00017450510298763525
3,1067,109200245,0.00009011884542933031
3,1050,109200245,0.00008124523896443639
3,414,109200245,0.00011021953293236660
2,187,109200245,0.00019401055373090051
1,1290,109200245,0.00009311334420540906
1,1274,109200245,0.00007879103201645748
1,377,109200245,0.00018782009142928206
0,1424,109200245,0.00011783856345743546
0,1325,109200245,0.00099540069713213546
0,1240,109200245,0.00029591508700369673
6,509,109200245,0.00013886415731026978
5,1222,109200245,0.00006156579593754574
5,1221,109200245,0.00007199617546645614
5,1220,109200245,0.00004635520735324358
5,1219,109200245,0.00005624529505405413
5,1218,109200245,0.00008368113093519158
5,1217,109200245,0.00009653824494624531
5,1130,109200245,0.00017712414473062768
5,1127,109200245,0.00016130000440933077
5,94,109200245,0.00007318664898599815
5,38,109200245,0.00007829652763141695
5,37,109200245,0.00006234418246955398
5,34,109200245,0.00074856059159940532
5,23,109200245,0.00017845198057934761
3,1213,100582233,0.00127166594124033822
3,1210,100582233,0.00034674115855033759
3,1068,100582233,0.00004480910659440221
3,1068,100582233,0.00161954050075623188
2,1159,100582233,0.00094156788107895755
2,1138,100582233,0.00236204738067407986
2,1137,100582233,0.00060766199135785736
2,1135,100582233,0.00111107097811200916
4,1257,100582233,0.00815172794980600565
1,1047,100582233,0.00026333676644462643
0,1331,100582233,0.00000656179506374650
5,124,100582233,0.00862696098624097900
3,973,100582233,0.00039001917962986564
1,147,100582233,0.00005718703819192402
1,147,100582233,0.00045484176116869469
3,1033,100582233,0.00069329341693974921
2,122,100582233,0.00067561633872256549
1,1050,100582233,0.00062281377268687201
1,1095,100582233,0.00043012566642858284
6,1348,100582233,0.00147102520581343633
6,138,100582233,0.00298835083528121732
3,1399,100582233,0.00016444256114298038
3,1399,100582233,0.00034673121643660467
3,1398,100582233,0.00086157363398364794
2,1385,100582233,0.01374163168558805055
1,1400,100582233,0.00600887435060225815
4,69,100582233,0.00073678022240766913
0,1437,100582233,0.00005368741415792589
0,1437,100582233,0.00057058784924768965
4,18,100582233,0.00085036887180661421
3,1032,100582233,0.00102374939319551587
6,1325,100582233,0.00237719916200309451
4,1089,100582233,0.00060453022553197844
4,811,100582233,0.00001221885777779461
4,178,100582233,0.00540390667206602955
2,105,100582233,0.00003466815058679399
2,105,100582233,0.00004655891861140128
2,105,100582233,0.00014967852224955077
3,1071,100582233,0.00066233367477534528
1,43,100582233,0.00286516804612997611
5,204,100582233,0.00438681849507158942
3,1342,100582233,0.00056484130751004505
3,1240,100582233,0.00026463918334364278
3,1240,100582233,0.00043008589797365108
3,1240,100582233,0.00143793785131018123
1,1362,100582233,0.00095705769427489244
1,886,100582233,0.00291925314483722003
1,883,100582233,0.00005336926651847151
1,883,100582233,0.00060410271464146159
0,1251,100582233,0.00028615391746174496
4,125,100582233,0.00105779119061713404
3,224,100582233,0.00000580619442004236
2,1197,100582233,0.00009750230937903318
2,1196,100582233,0.00013662452691818843
0,1425,100582233,0.00066120027380978910
0,1424,100582233,0.00213308050140425913
0,1321,100582233,0.00032841784294051216
0,1303,100582233,0.00041953731530299193
6,1285,100582233,0.00152016907399540424
6,979,100582233,0.00059051184516851997
6,978,100582233,0.00143063039771646350
5,1030,100582233,0.00162415364152832041
5,122,100582233,0.00077572348189963128
4,1394,100582233,0.00026507663634789256
4,1393,100582233,0.00037414162399834571
4,1385,100582233,0.00129577556704274011
2,2,100582233,0.00037368428676663002
1,1435,100582233,0.00038366616895451109
1,1428,100582233,0.00294564945679820023
1,1421,100582233,0.00023647317513819763
1,1417,100582233,0.00070809722428811063
1,1260,100582233,0.00111075283047255466
1,384,100582233,0.00050151998514489130
6,59,100582233,0.00044334867769340534
3,1131,100582233,0.00010196631844512738
3,1131,100582233,0.00050385638187213440
1,1372,100582233,0.00075520295915482410
2,65,100582233,0.00071454965610079466
4,1402,100582233,0.00096289371503613364
1,1310,100582233,0.00299765665373525779
1,371,100582233,0.00196632142776150117
5,216,100582233,0.00449228443755071531
3,1363,100582233,0.00025755045625205003
1,1245,100582233,0.00069436716522290772
0,1103,100582233,0.00251936144627053563
0,1082,100582233,0.00062656194956419386
4,1391,100582233,0.00035446618092083919
4,1366,100582233,0.00049651910193721784
3,1375,100582233,0.00164969493170826691
5,11,100582233,0.00217925167758007505
3,1294,100582233,0.00199353299304858358
6,1153,100582233,0.00068391800368957810
0,166,100582233,0.00045636290456983590
0,33,100582233,0.00006285404301970509
0,33,100582233,0.00127773063061743710
2,1283,100582233,0.00000894790235965431
4,1306,100582233,0.00025730190340872628
3,1435,100582233,0.00103063927801244973
3,1429,100582233,0.00012131367176944660
1,826,100582233,0.00025844524648801543
6,1358,90544920,0.00184184822295938846
3,11,90544920,0.00166157306229880149
6,1379,90544920,0.00211798740337944963
5,542,90544920,0.00047222969549257982
3,1337,90544920,0.00175058965207545601
3,1334,90544920,0.00212120127777461155
2,1075,90544920,0.00120814066653325233
1,704,90544920,0.00280289606529002385
0,1184,90544920,0.00113382396273584434
0,1183,90544920,0.00344007151367520117
0,1182,90544920,0.00229354667274541757
6,1167,90544920,0.00205007635988855045
5,600,90544920,0.00103123399965453612
3,1109,90544920,0.00452767532402701366
6,1108,90544920,0.00184832014871734386
5,1317,90544920,0.00227247425918538542
4,1094,90544920,0.00062162515577903214
3,1087,90544920,0.00056586277838668365
2,1285,90544920,0.00170788156861809582
0,1267,90544920,0.00307839467967943418
0,594,90544920,0.00235198175667944692
6,1169,90544920,0.00223182040472287135
2,1205,90544920,0.00381313496107788278
1,1346,90544920,0.00491658725856734986
5,1346,90544920,0.00184086528542959675
5,1176,90544920,0.00200363532266636252
2,1359,90544920,0.00562175106013678046
0,1080,90544920,0.00041810186590258183
4,1081,90544920,0.00350884400803490705
2,1056,90544920,0.00692994151411255310
1,1409,90544920,0.00242508359386700003
3,783,90544920,0.00132907511542337212
0,1136,90544920,0.00280076452660182364
5,617,90544920,0.00030496465179934997
4,1136,90544920,0.00223762967596636024
3,703,90544920,0.00268637931316301334
2,1392,90544920,0.00225146811107680049
1,872,90544920,0.00172137763222939499
6,956,90544920,0.00216663728898319188
4,559,90544920,0.00057692910877827274
2,1422,90544920,0.00213496240319169771
0,1023,90544920,0.00374267269770628755
6,1047,90544920,0.00381388596952761134
4,670,90544920,0.00301682303104359702
2,1010,90544920,0.00327384462872130216
2,807,90544920,0.00304782421807871717
5,1015,90544920,0.00459360944821642081
4,1222,90544920,0.00388596069221774140
3,751,90544920,0.00566004144683103158
2,723,90544920,0.00339724194355685554
4,676,90544920,0.00358714768316102097
0,1246,90544920,0.00310598319596505244
5,547,90544920,0.00093193522066174447
4,1020,90544920,0.00232855691959305954
3,630,90544920,0.00196181077856162449
1,1214,90544920,0.00188725110144224539
4,660,90544920,0.00108240197241325081
2,570,90544920,0.00084669576161754850
6,1315,90544920,0.00211596630711032713
5,1011,90544920,0.00353913836358792956
0,1053,90544920,0.00351780088822211106
6,1294,90544920,0.00255994483180282213
5,701,90544920,0.00265657090425393261
3,1140,90544920,0.00057853052385489984
0,1114,90544920,0.00480706151156795949
6,990,90544920,0.00270924089391210441
5,1003,90544920,0.00438841847781189752
4,1290,90544920,0.00060533489896506614
3,738,90544920,0.00373881825728047479
2,1053,90544920,0.00439902095004335997
0,1119,90544920,0.00245507975488851258
1,435,90544920,0.00160078555483841607
4,1020,90544920,0.00061652271601764078
2,836,90544920,0.00501750954112058396
0,993,90544920,0.00576692762001446320
3,1115,90544920,0.00249089623139542218
3,719,90544920,0.00409760149989640485
0,585,90544920,0.00242702738044276800
4,1201,90544920,0.00043928472188169143
1,1020,90544920,0.00144877260921982159
0,1353,90544920,0.00259977036812225355
5,701,90544920,0.00093084184071287493
4,1015,90544920,0.00419836916306293075
0,1066,90544920,0.00451195936779225180
5,1374,90544920,0.00221114558387151914
4,665,90544920,0.00238618577386782169
3,1053,90544920,0.00444428025338141578
5,1268,90544920,0.00589925972655340556
5,1088,90544920,0.00318374570323768594
0,1144,90544920,0.00435646748597270841
5,745,90544920,0.00409340468797145078
4,1344,90544920,0.00204554822070636324
3,1102,90544920,0.00256754327023537036
6,1161,90544920,0.00279007370043509893
2,542,90544920,0.00402242334523019059
0,1061,90544920,0.00354914444675637252
4,821,90544920,0.00307946597114448816
3,805,90544920,0.00412404141502361460
0,672,90544920,0.00262722635350497863
4,1081,90544920,0.00050173990987015065
3,93,4618,0.00779558250324815898
3,93,4618,0.00563014291901255993
3,93,4618,0.00779558250324815898
3,91,4618,0.00194889562581203974
3,91,4618,0.00129926375054135990
3,90,4618,0.00064963187527067995
3,90,4618,0.00129926375054135990
3,89,4618,0.00086617583369423990
3,89,4618,0.00108271979211779995
3,89,4618,0.00173235166738847980
3,88,4618,0.00216543958423559991
3,87,4618,0.00129926375054135990
3,87,4618,0.00108271979211779995
3,87,4618,0.00064963187527067995
3,82,4618,0.00281507145950627997
1,1278,83317347,0.00138864239160183542
0,1178,83317347,0.00059254167082396423
6,1341,83317347,0.00000981788342348443
6,1340,83317347,0.00000932578902206284
6,1339,83317347,0.00001136618044259138
6,1337,83317347,0.00001139018504753878
6,412,83317347,0.00022445505856061405
6,140,83317347,0.00019935824408811288
6,114,83317347,0.00017657787399303533
6,87,83317347,0.00013659820445314946
6,69,83317347,0.00013489387750188444
6,45,83317347,0.00011476601625349400
6,38,83317347,0.00027670108122861858
6,22,83317347,0.00021316089193286483
6,6,83317347,0.00015554984005911759
5,1325,83317347,0.00017579772433224501
5,1209,83317347,0.00013161724892656507
5,1209,83317347,0.00031941727573250742
3,960,83317347,0.00347289022536927377
5,361,83317347,0.00049981188191217856
4,286,83317347,0.00187867239699795042
3,1176,83317347,0.00102746910556333480
1,1422,83317347,0.00027616097761730217
1,1086,83317347,0.00034794674871248602
3,1119,83317347,0.00000604916044674346
5,1248,83317347,0.00051611100867145947
2,1020,83317347,0.00023166844234730614
5,54,83317347,0.00031370417975502748
4,310,83317347,0.00011777859417439204
4,310,83317347,0.00010995309296154137
4,310,83317347,0.00027943760619262155
2,1421,83317347,0.00000507697394637398
2,903,83317347,0.00170874379857534342
1,1208,83317347,0.00000499295782905810
1,1125,83317347,0.00020235881970653722
0,1147,83317347,0.00000692532852732337
4,1227,83317347,0.00033017133874894023
3,991,83317347,0.00126840332542033541
0,1240,83317347,0.00066352328765341027
5,1029,83317347,0.00031604462873739849
5,89,83317347,0.00018898825475083839
4,1203,83317347,0.00026845549942918851
1,1390,83317347,0.00020216678286695807
1,1200,83317347,0.00023243658970562278
1,1023,83317347,0.00030188191181843558
0,1029,83317347,0.00031500042842218679
5,181,83317347,0.00001419872382638396
6,303,83317347,0.00210862451009151798
6,205,83317347,0.00183391581107353319
5,1225,83317347,0.00264871611910542492
5,1019,83317347,0.00360869627785915950
4,989,83317347,0.00073317264890827600
3,1042,83317347,0.00099547096716845777
3,910,83317347,0.00182199752471715157
2,1413,83317347,0.00247561891282976161
2,950,83317347,0.00237319126351922833
1,1151,83317347,0.00115576171670468577
1,61,83317347,0.00257979889830145439
0,1387,83317347,0.00124361857081215030
0,925,83317347,0.00179004739553216921
0,132,83317347,0.00037616416182814844
6,1392,83317347,0.00085884875811036089
6,1318,83317347,0.00108773266628376915
6,1088,83317347,0.00117442529705128504
5,1342,83317347,0.00260250725458168993
4,970,83317347,0.00361696586426353680
1,217,83317347,0.00292233260859830297
5,1248,83317347,0.00061241748372040702
4,1412,83317347,0.00017913436441993285
4,99,83317347,0.00033665258208473680
3,1215,83317347,0.00015160108254527114
2,1162,83317347,0.00047935995849699825
1,1311,83317347,0.00016133494985143970
1,1022,83317347,0.00021360497712439162
1,964,83317347,0.00042060868788824972
0,1235,83317347,0.00010302776443421801
0,1233,83317347,0.00018854416955931157
0,966,83317347,0.00008078749795045683
0,965,83317347,0.00037956081342820482
6,1139,83317347,0.00014588798656779123
6,1139,83317347,0.00154342408430263632
5,1276,83317347,0.00067505750033063344
4,961,83317347,0.00013808648995988795
4,961,83317347,0.00061229746069567002
3,960,83317347,0.00134893877501884450
3,1,83317347,0.00005305017693374226
2,1366,83317347,0.00020636758873275214
2,17,83317347,0.00062392769179268274
1,972,83317347,0.00000696133543474446
4,1136,83317347,0.00000657726175558614
3,164,83317347,0.00020406314665780224
1,963,83317347,0.00042159287669109292
0,1358,83317347,0.00070100647827876707
3,1142,83317347,0.00017825819633935297
3,990,83317347,0.00056737284253662089
2,981,83317347,0.00003270627424082526
4,1357,83317347,0.00001699526030275544
3,146,83317347,0.00007365813028108061
2,1145,83317347,0.00025648920386291227
2,1143,83317347,0.00074537899052402618
5,1072,81238526,0.00479427704042783859
5,998,81238526,0.00009925093914185494
5,996,81238526,0.00158956601452862412
4,1021,81238526,0.00153029610606179628
4,1012,81238526,0.00012835043314301394
4,1012,81238526,0.00003013348617378902
4,1011,81238526,0.00003340779472045074
4,300,81238526,0.00327365614683850859
3,1020,81238526,0.00686903157253247049
2,1020,81238526,0.00360395509884066595
6,1024,81238526,0.01616416575554312576
6,987,81238526,0.00185953644703007047
1,1044,81238526,0.00168445941522868100
1,1043,81238526,0.00001350344539732294
4,1058,81238526,0.00984712598059694043
3,962,81238526,0.00646517146310606351
2,272,81238526,0.00240788465315089524
1,1364,81238526,0.00008189464195842254
1,1115,81238526,0.00005835901060046314
1,8,81238526,0.00222947176564971140
0,1281,81238526,0.00363114663109470994
0,1054,81238526,0.00443076724459525503
0,480,81238526,0.00303508707186538572
0,129,81238526,0.00008351948680112685
4,1117,81238526,0.00396910204894657982
4,1026,81238526,0.00009607510604020561
4,1009,81238526,0.00497454865195363135
3,1161,81238526,0.00216066204844730936
3,1146,81238526,0.00032555982121093628
3,1137,81238526,0.00347735260484662153
3,1135,81238526,0.00143897244024343823
3,1001,81238526,0.00109244965867549100
3,990,81238526,0.00244912124574983049
1,1234,81238526,0.00006104246647705055
1,1231,81238526,0.00237696336341700716
0,1223,81238526,0.00015189837393159988
0,1200,81238526,0.00289285160097562570
3,1021,81238526,0.00474076794549423489
2,1021,81238526,0.00441117063103779131
1,901,81238526,0.00214385967564207150
1,900,81238526,0.00740308852969587348
0,960,81238526,0.00397381656087654727
4,1121,81238526,0.00128633550047424538
4,1074,81238526,0.00400177127782943773
4,1022,81238526,0.00002392953313800893
4,300,81238526,0.00180066044034329236
4,270,81238526,0.00083396392494861364
4,260,81238526,0.00096009866057884905
4,249,81238526,0.00029644801777915076
4,249,81238526,0.00006085782501765234
3,315,81238526,0.00364115419819409326
3,301,81238526,0.00017497855635637702
2,1258,81238526,0.00502505424581435687
1,1126,81238526,0.00106037128246270736
6,1140,81238526,0.00955661110837978563
4,1040,81238526,0.00235617273508876819
4,976,81238526,0.00198892087234571425
4,437,81238526,0.00577223668484580857
2,1358,81238526,0.00312531519835798112
2,870,81238526,0.00194474232582703436
2,127,81238526,0.00231684410423694783
1,1151,81238526,0.00007615844728645126
1,1120,81238526,0.00018172412433972523
1,1020,81238526,0.00293876577721264914
1,1004,81238526,0.00096270825987167718
1,990,81238526,0.00094206534471095646
1,963,81238526,0.00101819917313615473
1,930,81238526,0.00204875701462136316
1,900,81238526,0.00090799284073667216
1,896,81238526,0.00689084388360271336
1,871,81238526,0.00125861466270325980
0,1080,81238526,0.00253629663344704217
5,1050,81238526,0.00362372404442690144
5,506,81238526,0.00003221377994967560
5,237,81238526,0.00287025148634528380
5,222,81238526,0.00112247235997364118
4,1264,81238526,0.00018171181490909868
4,1264,81238526,0.00002320327673104261
3,1381,81238526,0.00012816579168361574
2,1245,81238526,0.00017670187664409372
2,1241,81238526,0.00838000187251058612
2,1081,81238526,0.00051434955873029997
2,1070,81238526,0.00153086233987061756
0,1129,81238526,0.00243764885640588820
0,216,81238526,0.00117905881256388139
6,1344,81238526,0.00179094829957894617
6,1344,81238526,0.00339618421929516537
5,1155,81238526,0.00541486929489587258
5,1051,81238526,0.00146599164046871066
5,1018,81238526,0.00130503352559597162
5,1004,81238526,0.00015288312838172372
5,1001,81238526,0.01055112693699046186
4,934,81238526,0.00063913025699161507
4,934,81238526,0.00182519313558200213
4,931,81238526,0.00217757520612818587
1,938,81238526,0.00083896155378299206
1,937,81238526,0.00218760739208882261
0,1128,81238526,0.00153162552456946361
0,938,81238526,0.00092127471638271728
0,937,81238526,0.00376486397599089858
1,1350,79267193,0.00000521022612722012
1,1285,79267193,0.00003233367933187694
1,1102,79267193,0.00001566852506055059
1,59,79267193,0.00001532790495053862
0,1294,79267193,0.00003532356696420422
0,932,79267193,0.00007898601884388665
0,131,79267193,0.00005906605018800149
6,1190,79267193,0.00014724881200221132
6,1048,79267193,0.00008618950339265830
6,907,79267193,0.00014480139343397717
5,1369,79267193,0.00001761132124358182
4,1185,79267193,0.00002302339632488311
4,1093,79267193,0.00004142949782515952
3,1434,79267193,0.00002907886494731812
3,1241,79267193,0.00003015118751587432
3,1233,79267193,0.00001248940403377221
3,1157,79267193,0.00004930160703432504
3,1076,79267193,0.00019851844633882773
3,94,79267193,0.00001949103962846269
3,81,79267193,0.00001241371067599177
3,66,79267193,0.00001193431941004900
3,39,79267193,0.00000008830891741051
3,6,79267193,0.00001319587537305629
2,1377,79267193,0.00000025231119260146
2,1343,79267193,0.00002413356557232953
2,1281,79267193,0.00001893595500473948
2,1154,79267193,0.00007112652519435121
1,157,79267193,0.00000031538899075182
0,1406,79267193,0.00002022274208700692
0,1294,79267193,0.00040796196731729861
0,1071,79267193,0.00008924246882313595
2,174,79267193,0.00032355125783248056
1,1112,79267193,0.00004376337635672302
0,1308,79267193,0.00003211921481816569
0,1211,79267193,0.00000031538899075182
0,1052,79267193,0.00003404939544156685
6,1271,79267193,0.00005883897011466018
5,1090,79267193,0.00006821233091980437
4,287,79267193,0.00000023969563297139
3,1356,79267193,0.00023188660156037063
2,1271,79267193,0.00000073170245854423
2,1080,79267193,0.00005813249877537609
0,1222,79267193,0.00002321262971933420
0,1065,79267193,0.00006580275903046044
6,1314,79267193,0.00002320001415970413
6,1006,79267193,0.00007763615396346885
5,1104,79267193,0.00002023535764663699
4,1157,79267193,0.00021937196640733827
4,1072,79267193,0.00016156747218234408
3,1170,79267193,0.00005380536182226107
3,1020,79267193,0.00008111804842136897
3,108,79267193,0.00002347755647156573
2,1341,79267193,0.00003750605878020684
2,1155,79267193,0.00001833040814249598
1,1291,79267193,0.00001415465790494183
1,1122,79267193,0.00006122331088474395
0,1016,79267193,0.00008697166808972282
6,1247,79267193,0.00003822514567912100
6,1030,79267193,0.00003267429944188891
5,1142,79267193,0.00008425932276925714
4,907,79267193,0.00001578206509722124
3,1080,79267193,0.00004479785224638900
3,30,79267193,0.00002051289995849859
2,1370,79267193,0.00000169048499042977
2,1360,79267193,0.00016366165508093620
1,1217,79267193,0.00001552975390461978
1,1071,79267193,0.00003360785085451430
0,1119,79267193,0.00003841437907357209
6,1029,79267193,0.00023840884588911834
5,1355,79267193,0.00002308647412303347
5,995,79267193,0.00000032800455038190
4,1164,79267193,0.00000058031574298336
4,1086,79267193,0.00000105970700892613
4,1085,79267193,0.00000104709144929605
4,1082,79267193,0.00000022708007334131
4,1073,79267193,0.00000015138671556088
4,1072,79267193,0.00000020184895408117
4,1072,79267193,0.00000011354003667066
4,1072,79267193,0.00000017661783482102
4,1070,79267193,0.00000018923339445109
4,1070,79267193,0.00000027754231186160
4,1069,79267193,0.00000013877115593080
4,1063,79267193,0.00000010092447704058
4,1063,79267193,0.00000011354003667066
4,1062,79267193,0.00000015138671556088
4,1062,79267193,0.00000012615559630073
4,1061,79267193,0.00000022708007334131
4,1061,79267193,0.00000003784667889022
4,1061,79267193,0.00000007569335778044
4,1060,79267193,0.00000007569335778044
4,1060,79267193,0.00000010092447704058
4,1059,79267193,0.00000011354003667066
4,1059,79267193,0.00000018923339445109
4,1059,79267193,0.00000021446451371124
4,1058,79267193,0.00000007569335778044
4,1050,79267193,0.00043725529677832793
3,1021,79267193,0.00061012631038921737
3,35,79267193,0.00002627821070944192
3,18,79267193,0.00000201848954081167
2,1206,79267193,0.00003017641863513446
1,1354,72812144,0.00000001373397272851
1,1352,72812144,0.00000001373397272851
1,1351,72812144,0.00000000000000000000
1,1350,72812144,0.00000002746794545701
1,1341,72812144,0.00001542325137411144
1,1071,72812144,0.00000000000000000000
1,1069,72812144,0.00000010987178182804
1,1065,72812144,0.00000001373397272851
1,1062,72812144,0.00000002746794545701
1,1060,72812144,0.00000002746794545701
1,1055,72812144,0.00000002746794545701
0,1171,72812144,0.00000012360575455655
0,1080,72812144,0.00000745754719157837
0,1080,72812144,0.00000957257899176819
0,1080,72812144,0.00000447727510949272
0,1080,72812144,0.00000402405400945205
0,1080,72812144,0.00001497003027407077
0,1020,72812144,0.00001021807571000794
0,1003,72812144,0.00000020600959092758
0,995,72812144,0.00000010987178182804
0,992,72812144,0.00000008240383637103
0,359,72812144,0.00006688444718782076
0,41,72812144,0.00000012360575455655
0,24,72812144,0.00000006866986364253
0,22,72812144,0.00000009613780909954
0,15,72812144,0.00000010987178182804
0,9,72812144,0.00000005493589091402
0,7,72812144,0.00000006866986364253
6,1436,72812144,0.00000001373397272851
6,1380,72812144,0.00000001373397272851
6,1378,72812144,0.00000001373397272851
6,1377,72812144,0.00000002746794545701
6,1375,72812144,0.00000001373397272851
6,1190,72812144,0.00000016480767274206
6,1190,72812144,0.00000009613780909954
6,1187,72812144,0.00000005493589091402
6,1183,72812144,0.00000006866986364253
6,1149,72812144,0.00000006866986364253
6,1146,72812144,0.00000006866986364253
6,1140,72812144,0.00002658897120238624
6,1031,72812144,0.00000061802877278274
6,1026,72812144,0.00000002746794545701
6,1025,72812144,0.00000002746794545701
6,1022,72812144,0.00000000000000000000
6,1018,72812144,0.00000004120191818552
6,30,72812144,0.00000023347753638459
6,25,72812144,0.00000010987178182804
6,19,72812144,0.00000010987178182804
6,12,72812144,0.00000010987178182804
6,7,72812144,0.00000010987178182804
5,1337,72812144,0.00000006866986364253
5,1230,72812144,0.00000005493589091402
5,1226,72812144,0.00000012360575455655
5,1222,72812144,0.00000016480767274206
5,1209,72812144,0.00000006866986364253
5,1204,72812144,0.00000002746794545701
5,1200,72812144,0.00002612201612961706
5,1024,72812144,0.00000016480767274206
5,1022,72812144,0.00000005493589091402
5,1021,72812144,0.00000012360575455655
5,1019,72812144,0.00021334353236460117
5,420,72812144,0.00002066962895640046
4,1375,72812144,0.00000026094548184160
4,1349,72812144,0.00000023347753638459
4,1320,72812144,0.00000010987178182804
4,1316,72812144,0.00000015107370001356
4,1259,72812144,0.00002547651941137731
4,1207,72812144,0.00000072790055461078
4,1202,72812144,0.00000012360575455655
4,1132,72812144,0.00000020600959092758
4,1128,72812144,0.00000010987178182804
4,1125,72812144,0.00000010987178182804
4,1115,72812144,0.00000013733972728505
4,1112,72812144,0.00000005493589091402
4,1108,72812144,0.00000008240383637103
4,1104,72812144,0.00000004120191818552
4,1089,72812144,0.00000119485562737996
4,1079,72812144,0.00000063176274551124
4,990,72812144,0.00000019227561819907
4,987,72812144,0.00000010987178182804
4,980,72812144,0.00000006866986364253
4,944,72812144,0.00000016480767274206
4,741,72812144,0.00000005493589091402
4,741,72812144,0.00000004120191818552
4,741,72812144,0.00000120858960010847
4,735,72812144,0.00000008240383637103
4,599,72812144,0.00001583527055596660
4,305,72812144,0.00000006866986364253
4,302,72812144,0.00000008240383637103
4,301,72812144,0.00000005493589091402
4,300,72812144,0.00000004120191818552
4,299,72812144,0.00000010987178182804
4,298,72812144,0.00000009613780909954
4,298,72812144,0.00000009613780909954
4,297,72812144,0.00000026094548184160
4,295,72812144,0.00000020600959092758
4,292,72812144,0.00000017854164547057
4,291,72812144,0.00000016480767274206
4,281,72812144,0.00000004120191818552
4,273,72812144,0.00000046695507276918
